,name,date,count
0,avengersendgame,1388361600,0
1,avengersendgame,1388966400,0
2,avengersendgame,1389571200,0
3,avengersendgame,1390176000,0
4,avengersendgame,1390780800,0
5,avengersendgame,1391385600,0
6,avengersendgame,1391990400,0
7,avengersendgame,1392595200,0
8,avengersendgame,1393200000,0
9,avengersendgame,1393804800,0
10,avengersendgame,1394409600,0
11,avengersendgame,1395014400,0
12,avengersendgame,1395619200,0
13,avengersendgame,1396224000,0
14,avengersendgame,1396828800,0
15,avengersendgame,1397433600,0
16,avengersendgame,1398038400,0
17,avengersendgame,1398643200,0
18,avengersendgame,1399248000,0
19,avengersendgame,1399852800,0
20,avengersendgame,1400457600,0
21,avengersendgame,1401062400,0
22,avengersendgame,1401667200,0
23,avengersendgame,1402272000,0
24,avengersendgame,1402876800,0
25,avengersendgame,1403481600,0
26,avengersendgame,1404086400,0
27,avengersendgame,1404691200,0
28,avengersendgame,1405296000,0
29,avengersendgame,1405900800,0
30,avengersendgame,1406505600,0
31,avengersendgame,1407110400,0
32,avengersendgame,1407715200,0
33,avengersendgame,1408320000,0
34,avengersendgame,1408924800,0
35,avengersendgame,1409529600,0
36,avengersendgame,1410134400,0
37,avengersendgame,1410739200,0
38,avengersendgame,1411344000,0
39,avengersendgame,1411948800,0
40,avengersendgame,1412553600,0
41,avengersendgame,1413158400,0
42,avengersendgame,1413763200,0
43,avengersendgame,1414368000,0
44,avengersendgame,1414972800,0
45,avengersendgame,1415577600,0
46,avengersendgame,1416182400,0
47,avengersendgame,1416787200,0
48,avengersendgame,1417392000,0
49,avengersendgame,1417996800,0
50,avengersendgame,1418601600,0
51,avengersendgame,1419206400,0
52,avengersendgame,1419811200,0
53,avengersendgame,1420416000,0
54,avengersendgame,1421020800,0
55,avengersendgame,1421625600,0
56,avengersendgame,1422230400,0
57,avengersendgame,1422835200,0
58,avengersendgame,1423440000,0
59,avengersendgame,1424044800,0
60,avengersendgame,1424649600,0
61,avengersendgame,1425254400,0
62,avengersendgame,1425859200,0
63,avengersendgame,1426464000,0
64,avengersendgame,1427068800,0
65,avengersendgame,1427673600,0
66,avengersendgame,1428278400,0
67,avengersendgame,1428883200,0
68,avengersendgame,1429488000,0
69,avengersendgame,1430092800,0
70,avengersendgame,1430697600,0
71,avengersendgame,1431302400,0
72,avengersendgame,1431907200,0
73,avengersendgame,1432512000,0
74,avengersendgame,1433116800,0
75,avengersendgame,1433721600,0
76,avengersendgame,1434326400,0
77,avengersendgame,1434931200,0
78,avengersendgame,1435536000,0
79,avengersendgame,1436140800,0
80,avengersendgame,1436745600,0
81,avengersendgame,1437350400,0
82,avengersendgame,1437955200,0
83,avengersendgame,1438560000,0
84,avengersendgame,1439164800,0
85,avengersendgame,1439769600,0
86,avengersendgame,1440374400,0
87,avengersendgame,1440979200,0
88,avengersendgame,1441584000,0
89,avengersendgame,1442188800,0
90,avengersendgame,1442793600,0
91,avengersendgame,1443398400,0
92,avengersendgame,1444003200,0
93,avengersendgame,1444608000,0
94,avengersendgame,1445212800,0
95,avengersendgame,1445817600,0
96,avengersendgame,1446422400,0
97,avengersendgame,1447027200,0
98,avengersendgame,1447632000,0
99,avengersendgame,1448236800,0
100,avengersendgame,1448841600,0
101,avengersendgame,1449446400,0
102,avengersendgame,1450051200,0
103,avengersendgame,1450656000,0
104,avengersendgame,1451260800,0
105,avengersendgame,1451865600,0
106,avengersendgame,1452470400,0
107,avengersendgame,1453075200,0
108,avengersendgame,1453680000,0
109,avengersendgame,1454284800,0
110,avengersendgame,1454889600,0
111,avengersendgame,1455494400,0
112,avengersendgame,1456099200,0
113,avengersendgame,1456704000,0
114,avengersendgame,1457308800,0
115,avengersendgame,1457913600,0
116,avengersendgame,1458518400,0
117,avengersendgame,1459123200,0
118,avengersendgame,1459728000,0
119,avengersendgame,1460332800,0
120,avengersendgame,1460937600,0
121,avengersendgame,1461542400,0
122,avengersendgame,1462147200,0
123,avengersendgame,1462752000,0
124,avengersendgame,1463356800,0
125,avengersendgame,1463961600,0
126,avengersendgame,1464566400,0
127,avengersendgame,1465171200,0
128,avengersendgame,1465776000,0
129,avengersendgame,1466380800,0
130,avengersendgame,1466985600,0
131,avengersendgame,1467590400,0
132,avengersendgame,1468195200,0
133,avengersendgame,1468800000,0
134,avengersendgame,1469404800,0
135,avengersendgame,1470009600,0
136,avengersendgame,1470614400,0
137,avengersendgame,1471219200,0
138,avengersendgame,1471824000,0
139,avengersendgame,1472428800,0
140,avengersendgame,1473033600,0
141,avengersendgame,1473638400,0
142,avengersendgame,1474243200,0
143,avengersendgame,1474848000,0
144,avengersendgame,1475452800,0
145,avengersendgame,1476057600,0
146,avengersendgame,1476662400,0
147,avengersendgame,1477267200,0
148,avengersendgame,1477872000,0
149,avengersendgame,1478476800,0
150,avengersendgame,1479081600,0
151,avengersendgame,1479686400,0
152,avengersendgame,1480291200,0
153,avengersendgame,1480896000,0
154,avengersendgame,1481500800,0
155,avengersendgame,1482105600,0
156,avengersendgame,1482710400,0
157,avengersendgame,1483315200,0
158,avengersendgame,1483920000,0
159,avengersendgame,1484524800,0
160,avengersendgame,1485129600,0
161,avengersendgame,1485734400,0
162,avengersendgame,1486339200,0
163,avengersendgame,1486944000,0
164,avengersendgame,1487548800,0
165,avengersendgame,1488153600,0
166,avengersendgame,1488758400,0
167,avengersendgame,1489363200,0
168,avengersendgame,1489968000,0
169,avengersendgame,1490572800,0
170,avengersendgame,1491177600,0
171,avengersendgame,1491782400,0
172,avengersendgame,1492387200,0
173,avengersendgame,1492992000,0
174,avengersendgame,1493596800,0
175,avengersendgame,1494201600,0
176,avengersendgame,1494806400,0
177,avengersendgame,1495411200,0
178,avengersendgame,1496016000,0
179,avengersendgame,1496620800,0
180,avengersendgame,1497225600,0
181,avengersendgame,1497830400,0
182,avengersendgame,1498435200,0
183,avengersendgame,1499040000,0
184,avengersendgame,1499644800,0
185,avengersendgame,1500249600,0
186,avengersendgame,1500854400,0
187,avengersendgame,1501459200,0
188,avengersendgame,1502064000,0
189,avengersendgame,1502668800,0
190,avengersendgame,1503273600,0
191,avengersendgame,1503878400,0
192,avengersendgame,1504483200,0
193,avengersendgame,1505088000,0
194,avengersendgame,1505692800,0
195,avengersendgame,1506297600,0
196,avengersendgame,1506902400,0
197,avengersendgame,1507507200,0
198,avengersendgame,1508112000,0
199,avengersendgame,1508716800,0
200,avengersendgame,1509321600,0
201,avengersendgame,1509926400,0
202,avengersendgame,1510531200,0
203,avengersendgame,1511136000,0
204,avengersendgame,1511740800,0
205,avengersendgame,1512345600,0
206,avengersendgame,1512950400,0
207,avengersendgame,1513555200,0
208,avengersendgame,1514160000,0
209,avengersendgame,1514764800,0
210,avengersendgame,1515369600,0
211,avengersendgame,1515974400,0
212,avengersendgame,1516579200,0
213,avengersendgame,1517184000,0
214,avengersendgame,1517788800,0
215,avengersendgame,1518393600,0
216,avengersendgame,1518998400,0
217,avengersendgame,1519603200,0
218,avengersendgame,1520208000,0
219,avengersendgame,1520812800,0
220,avengersendgame,1521417600,0
221,avengersendgame,1522022400,0
222,avengersendgame,1522627200,0
223,avengersendgame,1523232000,0
224,avengersendgame,1523836800,0
225,avengersendgame,1524441600,0
226,avengersendgame,1525046400,0
227,avengersendgame,1525651200,0
228,avengersendgame,1526256000,0
229,avengersendgame,1526860800,0
230,avengersendgame,1527465600,0
231,avengersendgame,1528070400,0
232,avengersendgame,1528675200,0
233,avengersendgame,1529280000,0
234,avengersendgame,1529884800,0
235,avengersendgame,1530489600,0
236,avengersendgame,1531094400,0
237,avengersendgame,1531699200,0
238,avengersendgame,1532304000,0
239,avengersendgame,1532908800,0
240,avengersendgame,1533513600,0
241,avengersendgame,1534118400,0
242,avengersendgame,1534723200,0
243,avengersendgame,1535328000,0
244,avengersendgame,1535932800,0
245,avengersendgame,1536537600,0
246,avengersendgame,1537142400,0
247,avengersendgame,1537747200,0
248,avengersendgame,1538352000,0
249,avengersendgame,1538956800,0
250,avengersendgame,1539561600,0
251,avengersendgame,1540166400,0
252,avengersendgame,1540771200,0
253,avengersendgame,1541376000,0
254,avengersendgame,1541980800,0
255,avengersendgame,1542585600,0
256,avengersendgame,1543190400,0
257,avengersendgame,1543795200,693
258,avengersendgame,1544400000,37
259,avengersendgame,1545004800,8
260,avengersendgame,1545609600,12
261,avengersendgame,1546214400,9
262,avengersendgame,1546819200,16
263,avengersendgame,1547424000,39
264,avengersendgame,1548028800,6
265,avengersendgame,1548633600,54
266,avengersendgame,1549238400,207
267,avengersendgame,1549843200,13
268,avengersendgame,1550448000,9
269,avengersendgame,1551052800,32
270,avengersendgame,1551657600,22
271,avengersendgame,1552262400,783
272,avengersendgame,1552867200,99
273,avengersendgame,1553472000,742
274,avengersendgame,1554076800,561
275,avengersendgame,1554681600,329
276,avengersendgame,1555286400,447
277,avengersendgame,1555891200,2189
278,avengersendgame,1556496000,940
279,avengersendgame,1557100800,554
280,avengersendgame,1557705600,262
281,avengersendgame,1558310400,131
282,avengersendgame,1558915200,100
283,avengersendgame,1559520000,79
284,avengersendgame,1560124800,52
285,avengersendgame,1560729600,119
286,avengersendgame,1561334400,105
287,avengersendgame,1561939200,39
288,avengersendgame,1562544000,45
289,avengersendgame,1563148800,141
290,avengersendgame,1563753600,120
291,avengersendgame,1564358400,97
292,avengersendgame,1564963200,39
293,avengersendgame,1565568000,41
294,avengersendgame,1566172800,34
295,avengersendgame,1566777600,16
296,avengersendgame,1567382400,10
297,avengersendgame,1567987200,11
298,avengersendgame,1568592000,8
299,avengersendgame,1569196800,3
300,avengersendgame,1569801600,11
301,avengersendgame,1570406400,7
302,avengersendgame,1571011200,3
303,avengersendgame,1571616000,7
304,avengersendgame,1572220800,6
305,avengersendgame,1572825600,8
306,avengersendgame,1573430400,16
307,avengersendgame,1574035200,9
308,avengersendgame,1574640000,7
309,avengersendgame,1575244800,9
310,avengersendgame,1575849600,13
311,avengersendgame,1576454400,5
312,avengersendgame,1577059200,12
313,avengersendgame,1577664000,15
314,avengersendgame,1578268800,5
315,avengersendgame,1578873600,11
316,avengersendgame,1579478400,5
317,avengersendgame,1580083200,3
318,avengersendgame,1580688000,4
319,avengersendgame,1581292800,4
320,avengersendgame,1581897600,3
321,avengersendgame,1582502400,1
322,avengersendgame,1583107200,1
